City_ID,City,Country,Lat,Lng,Max Temp,Humidity,Cloudiness,Wind Speed,Current Description
0,Castro,BR,-24.7911,-50.0119,65.25,71,11,4.74,few clouds
1,Sidney,AU,-33.8679,151.2073,55.4,47,20,17.27,few clouds
2,Khatanga,RU,71.9667,102.5,16.11,84,98,11.25,overcast clouds
3,Bluff,NZ,-46.6,168.3333,55.99,97,31,8.01,scattered clouds
4,Avarua,CK,-21.2078,-159.775,82.4,78,35,6.91,moderate rain
5,Narsaq,GL,60.9167,-46.05,48.2,29,0,13.8,clear sky
6,Monywa,MM,22.1167,95.1333,86.18,34,8,5.35,clear sky
7,Hilo,US,19.7297,-155.09,80.6,44,1,11.5,clear sky
8,Rikitea,PF,-23.1203,-134.9692,78.3,74,7,8.19,light rain
9,Bredasdorp,ZA,-34.5322,20.0403,57.2,94,100,1.14,overcast clouds
10,Taoudenni,ML,22.6783,-3.9836,87.93,13,0,7.76,clear sky
11,Japura,ID,-0.3167,102.35,72.41,99,80,2.08,light rain
12,Carballo,ES,43.213,-8.691,48.0,67,2,5.99,clear sky
13,Nikolskoye,RU,59.7035,30.7861,43.0,56,0,4.47,light rain
14,Pesca,CO,5.55,-73.05,56.98,83,92,3.33,overcast clouds
15,Helong,CN,42.5397,128.9972,51.03,62,100,6.85,overcast clouds
16,Pula,HR,44.8683,13.8481,55.4,88,90,9.22,overcast clouds
17,Puerto Ayora,EC,-0.7393,-90.3518,80.6,78,40,9.22,scattered clouds
18,Richards Bay,ZA,-28.783,32.0377,72.0,95,6,6.44,clear sky
19,Mataura,NZ,-46.1927,168.8643,55.99,97,86,8.01,overcast clouds
20,Najran,SA,17.4924,44.1277,77.0,18,20,5.35,few clouds
21,Iqaluit,CA,63.7506,-68.5145,30.2,93,90,17.27,overcast clouds
22,Suihua,CN,46.6406,126.9969,51.76,47,100,18.37,overcast clouds
23,Jiaojiang,CN,28.6803,121.4428,64.99,99,100,4.54,moderate rain
24,Jiuquan,CN,39.7432,98.5174,41.2,63,1,6.24,clear sky
25,Luganville,VU,-15.5333,167.1667,80.44,76,91,1.41,overcast clouds
26,Hermanus,ZA,-34.4187,19.2345,64.99,83,100,4.0,overcast clouds
27,Cape Town,ZA,-33.9258,18.4232,64.99,94,0,12.66,clear sky
28,Atuona,PF,-9.8,-139.0333,80.56,78,17,17.67,few clouds
29,Aklavik,CA,68.2191,-135.0107,10.4,34,15,5.75,few clouds
30,Hokitika,NZ,-42.7167,170.9667,56.19,92,99,7.11,overcast clouds
31,Hovd,MN,48.0056,91.6419,28.85,31,0,5.17,clear sky
32,Busselton,AU,-33.65,115.3333,61.0,99,100,12.97,light rain
33,Grande-Synthe,FR,51.0154,2.2998,39.2,81,20,6.91,few clouds
34,La Ronge,CA,55.1001,-105.2842,35.6,55,100,6.91,overcast clouds
35,Barrow,US,71.2906,-156.7887,-11.2,77,1,5.75,clear sky
36,Kapaa,US,22.0752,-159.319,77.0,61,75,16.11,light rain
37,Taltal,CL,-25.4,-70.4833,65.79,75,44,5.28,scattered clouds
38,Pevek,RU,69.7008,170.3133,-15.29,100,100,5.28,overcast clouds
39,College,US,64.8569,-147.8028,28.99,33,90,6.91,overcast clouds
40,Kieta,PG,-6.2167,155.6333,82.44,69,95,0.51,overcast clouds
41,Bethel,US,41.3712,-73.414,55.4,82,90,6.91,light rain
42,East London,ZA,-33.0153,27.9116,70.84,85,100,3.13,overcast clouds
43,Longyearbyen,SJ,78.2186,15.6401,19.4,63,75,16.11,broken clouds
44,Norman Wells,CA,65.282,-126.8329,6.8,40,1,10.36,clear sky
45,Mahebourg,MU,-20.4081,57.7,77.0,94,75,6.91,broken clouds
46,Tiksi,RU,71.6872,128.8694,6.58,68,100,7.87,overcast clouds
47,Dunedin,NZ,-45.8742,170.5036,60.01,80,52,5.59,broken clouds
48,Albany,US,42.6001,-73.9662,61.0,74,100,10.65,overcast clouds
49,Barra Patuca,HN,15.8,-84.2833,83.79,76,1,16.2,clear sky
50,Ushuaia,AR,-54.8,-68.3,50.0,53,75,18.41,broken clouds
51,Airai,TL,-8.9266,125.4092,58.5,87,23,2.08,few clouds
52,Hede,CN,33.7681,120.2517,54.75,98,100,5.03,overcast clouds
53,Kamenka,RU,51.3223,42.7678,41.0,93,100,9.33,overcast clouds
54,Tuktoyaktuk,CA,69.4541,-133.0374,-5.8,71,1,9.22,clear sky
55,Pangnirtung,CA,66.1451,-65.7125,38.35,78,100,3.53,overcast clouds
56,Torrevieja,ES,37.9787,-0.6822,61.0,90,31,4.0,scattered clouds
57,Jamestown,US,42.097,-79.2353,64.4,52,1,6.91,clear sky
58,Qaanaaq,GL,77.484,-69.3632,23.13,93,100,11.88,snow
59,San Matias,BO,-16.3667,-58.4,83.43,60,90,4.65,overcast clouds
60,Mahibadhoo,MV,3.7833,72.9667,82.54,71,12,5.06,few clouds
61,Bull Savanna,JM,17.8868,-77.5902,78.51,74,83,14.88,broken clouds
62,Chokurdakh,RU,70.6333,147.9167,-9.63,94,50,10.47,scattered clouds
63,New Norfolk,AU,-42.7826,147.0587,48.99,81,100,1.92,overcast clouds
64,Constitucion,CL,-35.3333,-72.4167,64.09,66,0,15.28,clear sky
65,Padang,ID,-0.9492,100.3543,75.2,100,90,2.3,overcast clouds
66,Bushehr,IR,28.9684,50.8385,79.21,39,99,6.71,overcast clouds
67,Hashtrud,IR,37.4779,47.0508,45.41,36,0,3.11,clear sky
68,Kibala,TD,9.1104,18.3463,89.6,31,0,4.14,clear sky
69,Mar Del Plata,AR,-38.0023,-57.5575,64.0,72,0,3.44,clear sky
70,Tasiilaq,GL,65.6145,-37.6368,26.6,68,0,5.59,clear sky
71,Axim,GH,4.8699,-2.2405,81.16,86,89,6.67,overcast clouds
72,Virtsu,EE,58.5716,23.5115,46.99,60,100,10.0,overcast clouds
73,Kaseda,JP,31.4167,130.3167,59.0,88,75,11.5,broken clouds
74,Manaus,BR,-3.1019,-60.025,80.6,83,75,12.66,moderate rain
75,Lokosovo,RU,61.1333,74.8167,39.92,98,100,12.15,light rain
76,Kantunilkin,MX,21.0917,-87.45,86.0,70,40,11.5,scattered clouds
77,Saldanha,ZA,-33.0117,17.9442,60.8,82,100,5.75,overcast clouds
78,Merke,KZ,42.8728,73.1786,52.05,62,70,5.14,broken clouds
79,Barkhan,PK,29.8977,69.5256,70.83,13,36,5.32,scattered clouds
80,Port Alfred,ZA,-33.5906,26.891,66.16,91,83,3.69,broken clouds
81,Krasnoselkup,RU,65.7,82.4667,31.68,97,100,20.74,snow
82,Vaini,TO,-21.2,-175.2,80.6,69,20,5.75,few clouds
83,Punta Arenas,CL,-53.15,-70.9167,55.4,38,0,11.5,clear sky
84,Nanortalik,GL,60.1432,-45.2371,36.19,63,0,5.14,clear sky
85,Victoria,HK,22.2855,114.1577,73.0,86,95,9.13,overcast clouds
86,Masingbi,SL,8.7833,-11.95,80.73,73,29,5.14,scattered clouds
87,Cherskiy,RU,68.75,161.3,-14.69,95,98,4.21,overcast clouds
88,Villamontes,BO,-21.25,-63.5,60.22,80,100,5.44,overcast clouds
89,Lodja,CD,-3.4833,23.4333,67.28,99,75,3.0,broken clouds
90,Kodiak,US,57.79,-152.4072,39.2,87,90,17.27,moderate rain
91,Thompson,CA,55.7435,-97.8558,26.6,68,90,12.66,overcast clouds
92,Qarchak,IR,35.4394,51.5689,66.2,30,40,5.44,scattered clouds
93,Letlhakeng,BW,-24.0944,25.0298,68.63,45,0,2.24,clear sky
94,Lavrentiya,RU,65.5833,-171.0,5.77,80,100,29.37,light snow
95,Mount Isa,AU,-20.7333,139.5,68.0,30,0,11.5,clear sky
96,Manzanillo,CU,20.3433,-77.1167,86.27,57,89,10.49,overcast clouds
97,Ulaanbaatar,MN,47.9077,106.8832,6.8,66,0,5.21,clear sky
98,Fort-Shevchenko,KZ,44.5086,50.263,63.07,40,3,25.66,clear sky
99,Young,UY,-32.6833,-57.6333,59.54,79,90,8.34,overcast clouds
100,Upernavik,GL,72.7868,-56.1549,31.05,73,100,20.83,overcast clouds
101,Saint Anthony,US,45.0205,-93.218,55.4,62,90,11.5,overcast clouds
102,Lebu,CL,-37.6167,-73.65,58.26,82,0,12.84,clear sky
103,Broome,US,42.2506,-75.833,57.99,100,90,11.5,moderate rain
104,Banda Aceh,ID,5.5577,95.3222,79.2,80,4,2.62,clear sky
105,Ahipara,NZ,-35.1667,173.1667,70.47,76,41,3.29,scattered clouds
106,Suez,EG,29.9737,32.5263,54.99,56,0,8.86,clear sky
107,Louis Trichardt,ZA,-23.0439,29.9032,62.19,64,0,3.47,clear sky
108,Chuy,UY,-33.6971,-53.4616,63.84,78,95,18.9,overcast clouds
109,Maceio,BR,-9.6658,-35.7353,71.6,100,75,6.91,light rain
110,Klyuchi,RU,52.2667,79.1667,30.97,94,21,7.54,few clouds
111,Lagoa,PT,39.05,-27.9833,61.99,84,100,7.94,overcast clouds
112,Port Elizabeth,ZA,-33.918,25.5701,60.8,100,40,3.44,scattered clouds
113,Mogadishu,SO,2.0371,45.3438,81.75,71,99,13.87,overcast clouds
114,Aswan,EG,24.0934,32.907,65.48,21,0,15.26,clear sky
115,Antalaha,MG,-14.9003,50.2788,74.25,88,100,5.97,overcast clouds
116,Kandrian,PG,-6.2167,149.55,78.64,86,100,10.09,light rain
117,Carnarvon,AU,-24.8667,113.6333,78.8,83,90,12.66,overcast clouds
118,Thunder Bay,CA,48.4001,-89.3168,48.2,87,90,9.22,overcast clouds
119,Hamilton,US,39.1834,-84.5333,53.6,76,90,16.11,overcast clouds
120,Kayes,ML,14.0,-11.0,97.0,12,0,4.45,clear sky
121,Port Blair,IN,11.6667,92.75,81.68,76,97,4.81,overcast clouds
122,Geraldton,AU,-28.7667,114.6,73.4,88,75,19.57,broken clouds
123,Ciudad Bolivar,VE,8.1222,-63.5497,87.42,53,100,3.6,overcast clouds
124,Atambua,ID,-9.1061,124.8925,71.4,82,56,3.24,broken clouds
125,Belaya Gora,RU,68.5333,146.4167,-10.57,97,97,5.01,overcast clouds
126,Severo-Kurilsk,RU,50.6789,156.125,35.11,76,81,6.33,broken clouds
127,Arlit,NE,18.7369,7.3853,86.27,7,0,12.08,clear sky
128,Karasburg,NA,-28.0167,18.75,77.47,23,0,7.25,clear sky
129,Atocha,BO,-20.9333,-66.2333,50.16,72,98,7.87,overcast clouds
130,Dinghai,CN,26.2847,119.7936,64.4,94,40,2.24,scattered clouds
131,Macenta,GN,8.5435,-9.471,71.08,81,98,0.76,overcast clouds
132,Khash,IR,28.2211,61.2158,64.33,24,61,2.75,broken clouds
133,Mecca,SA,21.4267,39.8261,71.35,51,1,6.46,clear sky
134,Makarov,RU,48.6333,142.8,37.92,93,100,7.38,overcast clouds
135,Egvekinot,RU,66.3167,-179.1667,-4.25,78,100,22.44,overcast clouds
136,Masyaf,SY,35.0653,36.3406,50.0,93,75,8.05,broken clouds
137,Saint-Augustin,CA,51.226,-58.6502,42.91,88,86,20.04,overcast clouds
138,Caravelas,BR,-17.7125,-39.2481,75.11,81,13,5.08,few clouds
139,Muromtsevo,RU,56.3724,75.2418,30.79,92,57,9.01,broken clouds
140,Faanui,PF,-16.4833,-151.75,82.42,70,100,10.78,overcast clouds
141,Lichinga,MZ,-13.3128,35.2406,60.67,97,100,4.63,overcast clouds
142,Saint-Joseph,RE,-21.3667,55.6167,77.0,73,0,4.61,clear sky
143,Baykit,RU,61.67,96.37,28.18,98,100,2.3,overcast clouds
144,Mbandaka,CD,0.0487,18.2603,69.84,89,90,2.06,overcast clouds
145,Hobart,AU,-42.8794,147.3294,50.0,76,75,10.36,broken clouds
146,Clyde,US,41.3042,-82.9752,52.0,88,100,9.64,light rain
147,Buin,CL,-33.7333,-70.75,82.4,13,0,4.61,clear sky
148,Atchison,US,39.563,-95.1216,73.0,36,1,8.57,clear sky
149,Shimoda,JP,34.6667,138.95,55.99,68,68,1.01,broken clouds
150,Guerrero Negro,MX,27.9769,-114.0611,66.06,61,99,17.18,overcast clouds
151,Saskylakh,RU,71.9167,114.0833,14.94,93,89,8.72,overcast clouds
152,Iwanai,JP,42.9744,140.5089,42.91,66,95,6.2,overcast clouds
153,San Cristobal,VE,7.7669,-72.225,87.8,58,40,9.22,scattered clouds
154,Ciudad Del Maiz,MX,22.4,-99.6,90.88,21,54,6.93,broken clouds
155,Rameshki,RU,57.3439,36.0453,42.93,89,89,4.47,overcast clouds
156,Cerrito,CO,6.8432,-72.694,73.4,94,75,3.44,broken clouds
157,Bethanien,NA,-26.502,17.1583,76.91,25,0,6.93,clear sky
158,Port Hedland,AU,-20.3167,118.5667,78.8,89,93,10.29,overcast clouds
159,Nioro,GM,13.35,-15.75,80.91,41,3,6.96,clear sky
160,Barcelos,PT,41.5388,-8.6151,57.99,71,0,6.91,clear sky
161,Ballina,AU,-28.8667,153.5667,60.8,44,0,9.22,clear sky
162,Komsomolskiy,UZ,40.4272,71.7189,51.8,50,4,4.61,clear sky
163,Grenfell,AU,-33.9,148.1667,44.1,75,0,4.85,clear sky
164,Salinopolis,BR,-0.6136,-47.3561,78.8,87,73,8.23,broken clouds
165,Florianopolis,BR,-27.6146,-48.5012,78.8,73,0,10.36,clear sky
166,Bubaque,GW,11.2833,-15.8333,76.91,74,6,16.75,clear sky
167,Busayra,JO,30.7376,35.6078,44.19,65,0,4.88,clear sky
168,Ribeira Grande,PT,38.5167,-28.7,63.07,83,93,12.71,overcast clouds
169,Rio Grande,BR,-32.035,-52.0986,66.99,85,86,5.99,overcast clouds
170,Big Rapids,US,43.6981,-85.4837,57.2,58,90,2.1,overcast clouds
171,Yangambi,CD,0.8102,24.4336,67.53,94,98,1.43,overcast clouds
172,Okhotsk,RU,59.3833,143.3,18.82,78,100,14.0,light snow
173,Georgetown,MY,5.4112,100.3354,81.0,94,40,2.3,scattered clouds
174,Mugi,RU,42.2994,47.4208,44.6,93,95,6.71,overcast clouds
175,Ponta Do Sol,PT,32.6667,-17.1,63.0,81,100,1.01,overcast clouds
176,Monduli,TZ,-3.3,36.45,68.0,83,40,11.5,light rain
177,Cayenne,GF,4.9333,-52.3333,81.0,89,0,2.3,clear sky
178,Kaitangata,NZ,-46.2817,169.8464,60.01,84,38,8.01,scattered clouds
179,Kutum,SD,14.2,24.6667,70.68,14,14,13.78,few clouds
180,Borskoye,RU,53.0333,51.7167,49.71,84,100,7.34,overcast clouds
181,Sakaraha,MG,-22.9,44.5333,70.11,56,2,1.92,clear sky
182,Qeshm,IR,26.9581,56.2719,77.0,88,59,6.91,broken clouds
183,Butaritari,KI,3.0707,172.7902,81.19,77,31,9.51,scattered clouds
184,Vestmanna,FO,62.1564,-7.1664,32.0,74,75,1.14,broken clouds
185,Qaqortoq,GL,60.7167,-46.0333,48.2,29,0,13.8,clear sky
186,Provideniya,RU,64.3833,-173.3,11.62,84,100,29.24,light snow
187,Praya,CV,14.9215,-23.5087,73.4,60,0,19.57,clear sky
188,Mount Gambier,AU,-37.8333,140.7667,51.8,87,90,3.42,overcast clouds
189,Bayburt,TR,40.2589,40.2278,37.78,67,4,3.15,clear sky
190,Souillac,MU,-20.5167,57.5167,77.0,94,75,6.91,broken clouds
191,Yenagoa,NG,4.9247,6.2642,77.76,86,82,4.07,broken clouds
192,Lorengau,PG,-2.0226,147.2712,77.9,89,100,15.84,moderate rain
193,Dalvik,IS,65.9702,-18.5286,33.8,80,75,4.61,broken clouds
194,Vila Velha,BR,-20.3297,-40.2925,79.0,78,0,4.61,clear sky
195,Luderitz,NA,-26.6481,15.1594,72.41,49,0,5.91,clear sky
196,San Quintin,MX,30.4833,-115.95,62.76,70,73,10.54,broken clouds
197,Lata,PT,40.1629,-8.3327,55.0,89,18,1.43,few clouds
198,Merauke,ID,-8.4667,140.3333,78.01,83,43,5.39,scattered clouds
199,Fortuna Foothills,US,32.6578,-114.4119,93.0,12,1,6.91,clear sky
200,Sembe,CG,1.6481,14.5806,71.91,97,85,0.54,light rain
201,Gatton,AU,-27.55,152.2833,57.2,67,40,5.75,scattered clouds
202,Vila Franca Do Campo,PT,37.7167,-25.4333,62.6,94,75,9.22,broken clouds
203,Russell,US,32.3502,-85.1999,78.8,25,1,9.22,clear sky
204,Desert Hot Springs,US,33.9611,-116.5017,91.99,14,1,8.05,clear sky
205,Sonoita,MX,31.85,-112.8333,91.0,9,99,3.0,overcast clouds
206,Sumbe,AO,-11.2061,13.8437,81.32,83,99,6.82,overcast clouds
207,Coquimbo,CL,-29.9533,-71.3436,59.0,82,0,12.66,clear sky
208,Arraial Do Cabo,BR,-22.9661,-42.0278,78.8,78,0,9.22,clear sky
209,Mezen,RU,65.8522,44.24,34.77,88,100,16.13,overcast clouds
210,Oistins,BB,13.0667,-59.5333,78.8,69,75,13.8,volcanic ash
211,Seoul,KR,37.5683,126.9778,57.2,51,0,4.61,clear sky
212,Itarantim,BR,-15.6597,-40.0656,72.91,78,79,4.9,broken clouds
213,Sinnamary,GF,5.3833,-52.95,78.42,83,58,4.59,broken clouds
214,Ust-Ishim,RU,57.6935,71.1665,36.18,81,98,8.9,overcast clouds
215,Katsuura,JP,35.1333,140.3,57.0,66,24,9.46,few clouds
216,Lewistown,US,40.5992,-77.5714,66.0,88,40,5.75,scattered clouds
217,Biltine,TD,14.5333,20.9167,83.68,10,0,19.1,clear sky
218,San Severo,IT,41.6897,15.376,51.8,87,20,5.75,few clouds
219,Namatanai,PG,-3.6667,152.4333,78.96,83,100,6.24,light rain
220,Esperance,AU,-33.8667,121.9,60.8,72,40,21.85,light rain
221,Cordoba,AR,-31.4135,-64.1811,62.6,55,0,4.61,clear sky
222,Igrim,RU,63.1906,64.4162,34.63,86,9,11.14,clear sky
223,Sola,VU,-13.8833,167.55,84.2,100,99,2.3,overcast clouds
224,Korla,CN,41.7597,86.1469,52.34,42,36,19.24,scattered clouds
225,Laiwu,CN,36.1928,117.6569,54.48,89,100,2.91,overcast clouds
226,Flin Flon,CA,54.7682,-101.865,33.8,64,90,10.36,overcast clouds
227,Labuhan,ID,-6.8844,112.2051,77.52,86,54,4.72,broken clouds
228,Quelimane,MZ,-17.8786,36.8883,78.01,94,40,3.44,scattered clouds
229,Kurilsk,RU,45.2333,147.8833,40.87,57,45,7.67,scattered clouds
230,General Roca,AR,-39.0333,-67.5833,73.4,40,0,4.61,clear sky
231,Yellowknife,CA,62.456,-114.3525,10.0,66,90,5.75,light snow
232,Beruwala,LK,6.4788,79.9828,77.45,84,100,2.91,overcast clouds
233,Malkangiri,IN,18.35,81.9,80.06,58,76,2.73,broken clouds
234,Fortuna,US,40.5982,-124.1573,60.01,66,1,16.11,clear sky
235,Bandarbeyla,SO,9.4942,50.8122,78.69,72,9,6.78,clear sky
236,Mizoch,UA,50.4,26.15,46.99,47,88,5.99,overcast clouds
237,Necochea,AR,-38.5473,-58.7368,60.01,88,0,3.0,clear sky
238,Bonavista,CA,48.6499,-53.1147,35.6,100,100,8.05,moderate rain
239,Maracacume,BR,-2.0428,-45.9592,75.85,93,100,2.98,light rain
240,Sakaiminato,JP,35.55,133.2333,51.8,66,75,4.61,broken clouds
241,Cabo San Lucas,MX,22.8909,-109.9124,86.0,36,40,14.97,scattered clouds
242,Isangel,VU,-19.55,169.2667,82.4,89,75,5.75,broken clouds
243,Fairbanks,US,64.8378,-147.7164,30.0,37,90,11.5,overcast clouds
244,Bairiki,KI,1.3292,172.9752,84.2,79,75,9.22,broken clouds
245,Rocha,UY,-34.4833,-54.3333,63.12,74,99,19.57,overcast clouds
246,The Valley,AI,18.217,-63.0578,78.8,61,20,8.05,few clouds
247,Ulladulla,AU,-35.35,150.4667,54.0,47,0,12.66,clear sky
248,Sabang,ID,5.8933,95.3214,82.35,72,4,4.32,clear sky
249,Nambucca Heads,AU,-30.65,153.0,60.8,41,0,8.05,clear sky
250,Mayya,RU,61.7333,130.2811,14.0,79,40,6.71,light snow
251,Fredericksburg,US,38.3032,-77.4605,78.8,34,75,8.05,broken clouds
252,Bengkulu,ID,-3.8004,102.2655,75.34,90,100,4.21,overcast clouds
253,Roald,NO,62.5833,6.1333,37.4,81,31,13.8,scattered clouds
254,Durban,ZA,-29.8579,31.0292,75.99,88,20,3.44,few clouds
255,San Ramon,US,37.7799,-121.978,78.01,25,1,5.75,clear sky
256,Sao Filipe,CV,14.8961,-24.4956,75.65,67,0,10.74,clear sky
257,Natal,BR,-5.795,-35.2094,80.6,83,75,9.22,broken clouds
258,Sertania,BR,-8.0736,-37.2644,71.22,89,100,4.94,moderate rain
259,Ushumun,RU,52.7833,126.5333,17.17,60,100,8.57,overcast clouds
260,Neiafu,TO,-18.65,-173.9833,82.4,69,40,6.91,scattered clouds
261,Dragoesti,RO,47.55,26.0833,43.0,52,0,9.22,light rain
262,Oshawa,CA,43.9001,-78.8496,55.4,100,90,14.97,light rain
263,Vao,NC,-22.6667,167.4833,75.99,78,46,6.26,scattered clouds
264,Salair,RU,54.2312,85.7972,27.93,96,87,1.34,overcast clouds
265,Caibarien,CU,22.5206,-79.4669,91.4,40,22,11.5,few clouds
266,Talnakh,RU,69.4865,88.3972,23.52,94,100,13.27,overcast clouds
267,Hami,CN,42.8,93.45,52.65,38,100,14.14,overcast clouds
268,Alofi,NU,-19.0595,-169.9187,80.6,78,38,6.91,scattered clouds
269,Shenjiamen,CN,29.9576,122.298,60.4,97,100,16.42,light rain
270,Sabya,SA,17.1495,42.6254,82.4,78,0,8.05,clear sky
271,Husavik,IS,66.0449,-17.3389,33.8,80,75,4.61,broken clouds
272,Rincon,US,32.296,-81.2354,73.4,68,75,10.36,broken clouds
273,Khanpur,PK,28.6453,70.6567,81.19,10,3,7.18,clear sky
274,Dingle,PH,10.9995,122.6711,74.89,87,99,5.26,overcast clouds
275,Sorong,ID,-0.8833,131.25,79.34,82,83,4.09,broken clouds
276,Mazagao,BR,-0.115,-51.2894,82.4,83,20,4.61,few clouds
277,Kalemie,CD,-5.9475,29.1947,70.65,85,85,0.65,overcast clouds
278,Nieuw Nickerie,SR,5.95,-56.9833,77.85,84,100,4.7,overcast clouds
279,Athabasca,CA,54.7169,-113.2854,37.4,48,99,2.3,overcast clouds
280,Los Llanos De Aridane,ES,28.6585,-17.9182,68.0,73,0,3.8,clear sky
281,Sandpoint,US,48.2766,-116.5533,50.0,36,75,9.22,broken clouds
282,Sambava,MG,-14.2667,50.1667,75.76,88,100,8.86,light rain
283,Gazli,UZ,40.1333,63.45,53.73,44,0,11.72,clear sky
284,Tabou,CI,4.423,-7.3528,80.73,84,40,7.54,scattered clouds
285,Erzin,TR,36.9559,36.2,50.0,76,46,2.71,scattered clouds
286,Santiago Tuxtla,MX,18.4667,-95.3,97.75,30,0,4.61,clear sky
287,Hare Bay,CA,48.8499,-54.0148,41.0,100,100,8.05,overcast clouds
288,Nhulunbuy,AU,-12.2333,136.7667,78.8,89,57,4.18,broken clouds
289,Aykhal,RU,66.0,111.5,-4.88,100,80,5.48,broken clouds
290,Obo,CF,5.3998,26.4869,74.44,69,86,8.75,overcast clouds
291,San Patricio,US,28.017,-97.5169,86.0,48,1,12.66,clear sky
292,Ponta Delgada,PT,37.7333,-25.6667,62.6,94,75,9.22,broken clouds
293,Tenenkou,ML,14.4572,-4.9169,90.82,7,0,5.46,clear sky
294,Xichang,CN,27.8964,102.2634,52.23,82,3,1.88,clear sky
295,Torbay,CA,47.6666,-52.7314,33.01,100,90,12.66,fog
296,Tsaratanana,MG,-16.7833,47.65,72.03,81,100,7.76,overcast clouds
297,Rundu,NA,-17.9333,19.7667,62.42,50,27,5.82,scattered clouds
298,Beloha,MG,-25.1667,45.05,72.23,89,22,11.16,few clouds
299,Goya,AR,-29.14,-59.2626,63.77,70,12,8.5,few clouds
300,Mahina,PF,-17.5065,-149.489,86.0,66,75,14.97,broken clouds
301,Vinh,VN,18.6667,105.6667,72.54,93,26,1.92,scattered clouds
302,Kota Kinabalu,MY,5.9749,116.0724,73.4,94,20,2.3,few clouds
303,Yamada,JP,39.4667,141.95,48.96,66,3,5.59,clear sky
304,Eyl,SO,7.9803,49.8164,78.94,70,30,8.37,scattered clouds
305,Baiyin,CN,36.5583,104.2081,45.0,93,0,6.71,clear sky
306,Nabire,ID,-3.3667,135.4833,75.31,86,41,4.09,scattered clouds
307,Kavaratti,IN,10.5669,72.642,82.74,69,3,4.83,clear sky
308,Plettenberg Bay,ZA,-34.0527,23.3716,61.86,85,81,3.69,broken clouds
309,Kiama,AU,-34.6833,150.8667,57.0,52,17,4.0,few clouds
310,Coihaique,CL,-45.5752,-72.0662,60.8,55,75,12.66,light rain
311,Pinjaur,IN,30.7972,76.9172,73.31,17,21,8.05,few clouds
312,Sao Felix Do Xingu,BR,-6.6447,-51.995,75.33,88,99,2.17,overcast clouds
313,Sao Joao Da Barra,BR,-21.6403,-41.0511,78.8,69,0,6.91,clear sky
314,Antofagasta,CL,-23.65,-70.4,62.6,77,40,14.97,scattered clouds
315,Aginskoye,RU,51.1,114.53,18.68,53,91,10.25,overcast clouds
316,Saint-Georges,GD,12.0564,-61.7485,82.4,74,20,9.22,few clouds
317,Tres Picos,MX,15.8667,-93.5333,88.61,52,0,8.79,clear sky
318,Encruzilhada Do Sul,BR,-30.5439,-52.5219,61.32,83,100,12.39,overcast clouds
319,Salalah,OM,17.0151,54.0924,80.6,74,20,2.3,few clouds
320,Pombas,CV,17.1503,-25.0201,71.6,78,20,16.11,few clouds
321,Zalari,RU,53.5584,102.5065,25.14,78,98,3.94,overcast clouds
322,Grand-Santi,GF,4.25,-54.3833,74.8,96,81,2.17,broken clouds
323,Petropavlovsk-Kamchatskiy,RU,53.0452,158.6483,30.2,69,78,6.71,broken clouds
324,Srednekolymsk,RU,67.45,153.6833,-11.99,93,95,2.93,overcast clouds
325,Salinas,US,36.6777,-121.6555,62.6,55,1,16.11,clear sky
326,Lima,PE,-12.0432,-77.0282,73.4,64,0,9.22,clear sky
327,Bathsheba,BB,13.2167,-59.5167,78.8,69,75,13.8,volcanic ash
328,Beliator,IN,23.3333,87.2167,82.99,37,8,5.41,clear sky
329,Hithadhoo,MV,-0.6,73.0833,82.85,74,96,11.56,overcast clouds
330,Sao Jose Da Coroa Grande,BR,-8.8978,-35.1478,77.81,86,100,9.86,moderate rain
331,Grand Haven,US,43.0631,-86.2284,53.6,58,90,8.05,overcast clouds
332,Codrington,AU,-38.2667,141.9667,55.67,71,92,8.55,overcast clouds
333,Honiara,SB,-9.4333,159.95,77.9,87,100,3.22,overcast clouds
334,Thung Song,TH,8.1645,99.6804,74.84,93,64,3.47,broken clouds
335,Leh,IN,34.1667,77.5833,29.53,90,100,2.51,light snow
336,Kargil,IN,34.5667,76.1,28.9,70,98,4.09,overcast clouds
337,Thinadhoo,MV,0.5333,72.9333,82.69,69,61,10.56,broken clouds
338,Stykkisholmur,IS,65.0757,-22.7297,32.11,79,98,9.1,overcast clouds
339,Gamboma,CG,-1.8764,15.8644,71.15,88,38,3.09,scattered clouds
340,Sand Springs,US,36.1398,-96.1089,86.0,15,1,6.91,clear sky
341,Otane,NZ,-39.8833,176.6333,70.0,82,94,1.99,overcast clouds
342,Kornye,HU,47.5467,18.3208,53.01,75,0,10.36,clear sky
343,Colac,AU,-38.3333,143.5833,50.0,97,88,3.78,overcast clouds
344,Kuusamo,FI,65.9667,29.1833,30.2,80,0,10.36,clear sky
345,Saint-Marc-Des-Carrieres,CA,46.6834,-72.0491,53.01,57,21,11.5,few clouds
346,Vestmannaeyjar,IS,63.4427,-20.2734,40.87,86,100,16.93,overcast clouds
347,Kaeo,NZ,-35.1,173.7833,69.01,98,85,2.13,overcast clouds
348,Jega,NG,12.2175,4.3792,89.98,4,16,6.26,few clouds
349,Tezu,IN,27.9167,96.1667,72.28,46,68,4.45,broken clouds
350,Kirakira,SB,-10.4544,161.9205,81.01,78,100,0.81,overcast clouds
351,Avera,US,33.194,-82.5271,77.0,57,1,10.36,clear sky
352,Kolokani,ML,13.5728,-8.0339,87.84,8,0,9.24,clear sky
353,Teknaf,BD,20.8624,92.3058,76.46,88,8,1.9,clear sky
354,Markala,ML,13.7021,-6.0659,92.41,8,0,5.61,clear sky
355,Lasa,IT,46.6166,10.7002,48.0,100,90,6.91,mist
356,Cidreira,BR,-30.1811,-50.2056,82.53,57,85,9.44,overcast clouds
357,Bristol,US,41.8334,-71.1662,46.99,81,90,5.75,overcast clouds
358,Baruun-Urt,MN,46.6806,113.2792,21.52,53,69,16.4,broken clouds
359,Beringovskiy,RU,63.05,179.3167,2.39,93,100,25.32,snow
360,Khani,GE,41.9563,42.9566,44.6,93,90,2.3,overcast clouds
361,Belyy Yar,RU,53.6039,91.3903,26.6,68,47,2.24,scattered clouds
362,High Level,CA,58.5169,-117.136,30.2,40,40,10.36,light snow
363,Makakilo City,US,21.3469,-158.0858,69.8,73,90,4.61,heavy intensity rain
364,Saint George,US,37.1041,-113.5841,82.99,7,1,14.97,clear sky
365,Iskateley,RU,67.6803,53.1512,31.37,88,99,21.77,overcast clouds
366,Matara,LK,5.9485,80.5353,76.41,88,82,2.39,broken clouds
367,Palembang,ID,-2.9167,104.7458,75.69,89,97,3.4,overcast clouds
368,Chowchilla,US,37.123,-120.2602,78.8,29,1,9.22,clear sky
369,Pagudpud,PH,18.5616,120.7868,71.6,78,20,2.3,few clouds
370,Mackenzie,CA,55.2999,-123.1698,37.4,41,90,2.01,overcast clouds
371,Khovu-Aksy,RU,51.1333,93.6,24.87,57,45,4.23,scattered clouds
372,Gweta,BW,-20.1833,25.2333,72.05,36,0,11.23,clear sky
373,Esso,RU,55.9333,158.7,19.04,63,100,1.59,overcast clouds
374,Viedma,AR,-40.8135,-62.9967,62.4,41,1,2.19,clear sky
375,Kavieng,PG,-2.5744,150.7967,78.01,84,100,2.15,light rain
376,Chipinge,ZW,-20.1883,32.6236,58.42,80,0,4.18,clear sky
377,Sitka,US,57.0531,-135.33,39.2,75,90,3.44,light snow
378,Nkhotakota,MW,-12.9274,34.2961,72.25,87,100,6.8,overcast clouds
379,Tromso,NO,69.6496,18.957,32.0,93,75,11.5,light snow
380,Kenai,US,60.5544,-151.2583,26.6,58,90,18.41,overcast clouds
381,Papar,MY,5.7333,115.9333,73.4,94,20,2.3,few clouds
382,Krasnorechenskiy,RU,44.6265,135.3532,46.42,62,93,2.24,overcast clouds
383,Caucaia,BR,-3.7361,-38.6531,79.0,89,0,3.44,clear sky
384,Diu,IN,20.7141,70.9822,79.14,52,0,12.26,clear sky
385,Moron,AR,-34.6534,-58.6198,66.99,66,96,6.35,light rain
386,Ondjiva,AO,-17.0667,15.7333,66.27,41,1,7.47,clear sky
387,Ripoll,ES,42.2006,2.1903,42.01,95,100,3.71,overcast clouds
388,Meadow Lake,US,34.8014,-106.5436,80.01,6,75,6.91,broken clouds
389,Vesoul,FR,47.5833,5.8333,39.0,93,90,8.05,overcast clouds
390,Miraflores,MX,19.2167,-98.8083,82.4,21,40,16.11,scattered clouds
391,Yala,TH,6.3333,101.25,72.72,97,44,2.42,scattered clouds
392,Tuatapere,NZ,-46.1333,167.6833,55.99,97,89,8.01,overcast clouds
393,Batagay,RU,67.6333,134.6333,-8.9,99,81,1.43,broken clouds
394,Houma,US,29.5958,-90.7195,82.0,29,1,9.22,clear sky
395,Thanh Hoa,VN,19.8,105.7667,72.27,96,61,2.17,broken clouds
396,Marquette,US,46.5333,-87.6335,46.0,95,100,11.68,light rain
397,Saint-Philippe,RE,-21.3585,55.7679,77.0,73,0,4.61,clear sky
398,Mramor,BA,44.5917,18.5644,42.8,75,0,2.3,clear sky
399,Bardiyah,LY,31.7561,25.0865,56.39,59,5,6.38,clear sky
400,Capaci,IT,38.1711,13.2393,59.0,72,0,5.75,clear sky
401,Port-Gentil,GA,-0.7193,8.7815,77.0,94,20,2.3,few clouds
402,Kinshasa,CD,-4.3246,15.3215,80.6,74,91,8.05,overcast clouds
403,Berlevag,NO,70.8578,29.0864,33.8,80,40,28.77,scattered clouds
404,Santa Rosa,PH,14.3122,121.1114,79.0,78,40,4.61,scattered clouds
405,Ancud,CL,-41.8697,-73.8203,61.0,100,75,14.97,broken clouds
406,Grahamstown,ZA,-33.3042,26.5328,58.93,97,97,3.15,overcast clouds
407,Valdemarpils,LV,57.3707,22.5919,44.6,81,0,6.91,clear sky
408,Bambous Virieux,MU,-20.3428,57.7575,78.01,94,75,6.91,broken clouds
409,Skibbereen,IE,51.55,-9.2667,39.2,70,40,10.36,scattered clouds
410,Muros,ES,42.7762,-9.0603,48.99,55,0,17.81,clear sky
411,Kirkwall,GB,58.9848,-2.9587,30.2,86,10,2.3,clear sky
412,Murmino,RU,54.6036,40.0544,41.58,76,98,6.44,overcast clouds
413,Touros,BR,-5.1989,-35.4608,78.8,89,75,6.91,broken clouds
414,Mackay,AU,-21.15,149.2,73.4,56,3,12.66,clear sky
415,Kloulklubed,PW,7.0419,134.2556,73.4,100,90,6.91,overcast clouds
416,Kysyl-Syr,RU,63.8986,122.7617,-3.39,90,21,4.25,few clouds
417,Schoten,BE,51.2525,4.5027,39.2,75,0,4.61,clear sky
418,Tiznit,MA,29.5833,-9.5,58.93,70,99,5.41,overcast clouds
419,Okha,RU,53.5739,142.9478,22.57,85,97,13.89,overcast clouds
420,Port Lincoln,AU,-34.7333,135.8667,60.42,62,100,15.61,overcast clouds
421,El Vigia,VE,8.6219,-71.6506,83.01,80,73,3.65,broken clouds
422,Badhni Kalan,IN,30.6833,75.2833,75.34,17,92,7.92,overcast clouds
423,Vanimo,PG,-2.6741,141.3028,78.46,87,100,4.21,light rain
424,Portland,US,45.5234,-122.6762,59.0,35,20,11.5,few clouds
425,Mareeba,AU,-17.0,145.4333,78.01,78,3,1.19,clear sky
426,Kungurtug,RU,50.5994,97.5228,13.91,89,94,2.15,overcast clouds
427,Lewisville,US,33.0462,-96.9942,86.0,17,1,18.41,clear sky
428,Oranjestad,AW,12.524,-70.027,82.4,74,75,20.71,broken clouds
429,Asau,RO,46.4333,26.4,41.0,45,1,3.47,light rain
430,Turukhansk,RU,65.8167,87.9833,21.94,84,100,12.15,overcast clouds
431,Mudgee,AU,-32.5943,149.5871,46.4,66,0,4.61,clear sky
432,Verkhnevilyuysk,RU,63.4453,120.3167,-2.06,99,81,4.99,broken clouds
433,Zyryanka,RU,65.75,150.85,-13.68,98,100,2.21,overcast clouds
434,Sept-Iles,CA,50.2001,-66.3821,55.4,58,75,5.75,broken clouds
435,Veinticinco De Mayo,AR,-35.4323,-60.1727,62.01,63,0,5.37,clear sky
436,Dois Vizinhos,BR,-25.7336,-53.0572,74.5,62,50,3.53,moderate rain
437,Lebanon,US,36.2081,-86.2911,71.6,21,1,10.36,clear sky
438,Gainesville,US,29.6516,-82.3248,66.99,82,1,6.91,clear sky
439,Sfantu Gheorghe,RO,45.8667,25.7833,42.01,68,11,1.01,few clouds
440,Vertientes,CU,21.2594,-78.1464,87.8,55,75,14.97,broken clouds
441,Borogontsy,RU,62.6683,131.1683,11.89,93,100,3.6,light snow
442,Dangriga,BZ,16.9692,-88.2321,87.8,74,20,6.91,few clouds
443,Buala,SB,-8.145,159.5921,80.85,76,100,1.43,overcast clouds
444,Anadyr,RU,64.75,177.4833,0.0,78,20,17.9,snow
445,Solton,RU,52.8429,86.4787,28.63,98,38,0.72,scattered clouds
446,Klaksvik,FO,62.2266,-6.589,32.0,74,75,1.14,broken clouds
447,Nizhnevartovsk,RU,60.9344,76.5531,39.2,87,90,8.95,light rain
448,Kruisfontein,ZA,-34.0033,24.7314,57.0,89,78,1.01,broken clouds
449,Colares,PT,38.7992,-9.4469,57.0,77,64,10.0,broken clouds
450,Sampit,ID,-2.5333,112.95,73.69,98,98,0.89,overcast clouds
451,Den Helder,NL,52.9599,4.7593,39.99,81,20,5.75,few clouds
452,Patrocinio,BR,-18.9439,-46.9925,75.2,43,0,2.3,clear sky
453,Katangli,RU,51.7102,143.2326,29.7,89,100,6.64,overcast clouds
454,Parati,BR,-23.2178,-44.7131,69.8,68,0,3.44,clear sky
455,Ulaangom,MN,49.9811,92.0667,33.49,34,83,1.34,broken clouds
456,Christchurch,NZ,-43.5333,172.6333,60.01,100,75,4.61,light rain
457,Dikson,RU,73.5069,80.5464,30.24,92,100,23.73,overcast clouds
458,Codcod,PH,10.4581,123.2222,67.64,91,67,4.14,broken clouds
459,Ilulissat,GL,69.2167,-51.1,30.2,69,75,4.61,light snow
460,Nanning,CN,22.8167,108.3167,71.6,94,90,4.47,light rain
461,Tilichiki,RU,60.4667,166.1,11.08,67,59,19.08,broken clouds
462,Ybycui,PY,-26.0167,-57.05,65.97,88,99,10.85,overcast clouds
463,Swidwin,PL,53.7746,15.7767,48.99,71,34,1.01,scattered clouds
464,Banbury,GB,52.0602,-1.3403,34.0,83,83,6.11,broken clouds
465,Slupca,PL,52.2873,17.8719,52.0,66,100,3.0,overcast clouds
466,Beidao,CN,34.5686,105.8933,48.45,90,100,0.4,overcast clouds
467,Mazyr,BY,52.0495,29.2456,43.99,67,0,6.55,clear sky
468,Nema,RU,57.5067,50.5011,32.23,99,100,2.13,overcast clouds
469,Pangody,RU,65.85,74.4859,31.64,93,100,14.92,overcast clouds
470,Tutoia,BR,-2.7619,-42.2744,77.68,89,100,9.48,overcast clouds
471,Kushmurun,KZ,52.4503,64.6311,27.86,92,26,1.7,scattered clouds
472,Sibolga,ID,1.7427,98.7792,75.97,88,100,2.15,overcast clouds
473,Aizawl,IN,23.7333,92.7167,58.84,46,57,2.77,broken clouds
474,Boyolangu,ID,-8.1181,111.8935,74.7,88,72,1.03,broken clouds
475,Panama City,PA,8.9936,-79.5197,87.8,66,40,6.91,scattered clouds
476,Port Hardy,CA,50.6996,-127.4199,46.4,49,20,18.41,few clouds
477,Chicama,PE,-7.8447,-79.1469,69.8,83,100,9.22,fog
478,Dholka,IN,22.7167,72.4667,86.0,21,0,3.44,smoke
479,Aykino,RU,62.2248,49.9922,34.39,80,1,10.18,clear sky
480,Kedrovyy,RU,56.1667,91.8167,37.4,56,0,6.71,light snow
481,Vardo,NO,70.3705,31.1107,33.8,75,75,28.77,broken clouds
482,Kindu,CD,-2.95,25.95,68.09,99,96,2.33,overcast clouds
483,Whitehorse,CA,60.7161,-135.0538,28.99,42,1,13.8,clear sky
484,Auki,SB,-8.7676,160.7034,77.52,87,99,2.39,overcast clouds
485,Biswan,IN,27.5,81.0,75.87,11,0,6.44,clear sky
486,Livingston,GB,55.9029,-3.5226,30.99,93,0,2.3,clear sky
487,Portoferraio,IT,42.8115,10.3146,60.01,97,100,21.83,overcast clouds
488,Malibu,US,34.005,-118.8101,75.99,67,95,5.01,overcast clouds
489,Kholmogory,RU,64.2229,41.656,39.2,52,40,13.42,scattered clouds
490,Bilma,NE,18.6853,12.9164,84.06,8,12,9.95,few clouds
491,Opuwo,NA,-18.0607,13.84,70.92,34,2,8.28,clear sky
492,Gisborne,NZ,-38.6533,178.0042,69.03,85,59,3.49,broken clouds
493,Namibe,AO,-15.1961,12.1522,79.77,69,65,4.54,broken clouds
494,Honningsvag,NO,70.9821,25.9704,35.44,65,83,31.5,light rain
495,Iquitos,PE,-3.7481,-73.2472,82.4,83,75,9.22,broken clouds
496,Odweyne,SO,9.4092,45.064,74.32,34,11,6.04,few clouds
497,Ornskoldsvik,SE,63.2909,18.7153,26.6,86,89,2.3,overcast clouds
498,Mehamn,NO,71.0357,27.8492,33.8,80,40,28.77,light snow
499,Rio Bueno,CL,-40.3167,-72.9667,62.6,69,75,0.81,broken clouds
500,Ternate,ID,0.8,127.4,79.92,82,98,7.11,overcast clouds
501,Luanda,AO,-8.8368,13.2343,80.6,89,40,4.61,light rain
502,Prince Rupert,CA,54.3161,-130.3201,41.0,65,90,9.22,overcast clouds
503,Mayo,US,38.8876,-76.5119,71.01,60,20,8.05,few clouds
504,Aasiaat,GL,68.7098,-52.8699,27.9,81,100,7.34,overcast clouds
505,Kenora,CA,49.8167,-94.4337,39.2,93,90,9.22,overcast clouds
506,Xining,CN,36.6167,101.7667,37.47,68,59,1.34,broken clouds
507,Lithgow,AU,-33.4833,150.15,41.0,100,9,3.4,clear sky
508,Gat,IL,31.61,34.7642,55.0,69,1,5.37,clear sky
509,Kalmunai,LK,7.4167,81.8167,78.33,82,81,3.69,broken clouds
510,Farau,RO,46.3333,24.0167,43.0,75,23,6.91,light rain
511,Chaoyang,CN,41.5703,120.4586,45.14,74,62,6.35,broken clouds
512,Darhan,MN,49.4867,105.9228,22.3,40,0,3.24,clear sky
513,Praia,CV,14.9215,-23.5087,73.4,60,0,19.57,clear sky
514,Waingapu,ID,-9.6567,120.2641,75.69,83,62,4.85,broken clouds
515,Tazovskiy,RU,67.4667,78.7,31.42,98,100,14.56,light snow
516,Taguisa,PH,6.6983,124.0358,78.67,78,100,4.32,overcast clouds
517,Maniitsoq,GL,65.4167,-52.9,31.53,76,18,3.58,few clouds
518,Jurm,AF,36.8648,70.8342,47.23,59,4,4.45,clear sky
519,Bandar-E Lengeh,IR,26.5579,54.8807,78.8,73,15,4.61,few clouds
520,Jacareacanga,BR,-6.2222,-57.7528,76.51,93,78,1.32,broken clouds
521,Kahului,US,20.8947,-156.47,75.2,78,40,11.5,light rain
522,Acapulco,MX,16.8634,-99.8901,84.2,65,20,11.5,few clouds
523,Pisco,PE,-13.7,-76.2167,73.4,64,0,21.85,clear sky
524,Caranavi,BO,-15.8167,-67.55,68.0,97,99,2.28,overcast clouds
525,Clyde River,CA,70.4692,-68.5914,28.4,74,20,3.44,few clouds
526,Ust-Tsilma,RU,65.441,52.1498,34.05,72,28,12.75,scattered clouds
527,Camana,PE,-16.6228,-72.7111,69.31,77,81,7.25,broken clouds
528,Nelson Bay,AU,-32.7167,152.15,57.99,54,20,10.36,few clouds
529,Ewa Beach,US,21.3156,-158.0072,69.8,73,90,4.61,heavy intensity rain
530,Grand-Lahou,CI,5.1367,-5.0242,81.43,88,25,9.93,scattered clouds
531,Pirenopolis,BR,-15.8525,-48.9592,71.6,68,20,4.61,few clouds
532,Oudtshoorn,ZA,-33.5907,22.2014,55.4,100,20,2.3,few clouds
533,Merritt Island,US,28.5392,-80.672,64.99,94,1,5.75,clear sky
534,Ust-Ilimsk,RU,58.0006,102.6619,26.91,96,100,6.87,light snow
535,Gondanglegi,ID,-7.7479,112.0132,73.9,87,79,3.65,broken clouds
536,Vilhena,BR,-12.7406,-60.1458,73.4,94,75,12.66,broken clouds
537,Mataram,ID,-8.5833,116.1167,75.2,100,20,5.55,few clouds
538,Hasaki,JP,35.7333,140.8333,54.0,76,20,4.61,few clouds
539,Ayan,RU,56.45,138.1667,15.24,71,85,10.67,overcast clouds
540,Faya,SA,18.3851,42.4509,62.6,44,0,0.89,clear sky
541,North Bend,US,43.4065,-124.2243,55.99,62,1,26.46,clear sky
542,Nagai,JP,38.1036,140.035,44.01,77,2,0.85,clear sky
543,Zeerust,ZA,-25.5369,26.0751,60.8,77,0,5.75,clear sky
544,Byron Bay,AU,-28.65,153.6167,60.8,44,0,9.22,clear sky
545,Xai-Xai,MZ,-25.0519,33.6442,69.46,89,0,6.78,clear sky
546,Pacifica,US,37.6138,-122.4869,59.0,76,1,18.41,haze
547,Wanning,CN,18.8003,110.3967,73.22,85,79,3.47,broken clouds
548,Kingsville,US,27.5159,-97.8561,91.4,48,1,13.8,clear sky
549,Pokaran,IN,26.9167,71.9167,81.1,9,0,2.55,clear sky
550,Cavalcante,BR,-13.7975,-47.4583,69.71,83,99,3.18,overcast clouds
551,Samarkand,UZ,39.6542,66.9597,46.4,57,0,9.22,clear sky
552,Kathmandu,NP,27.7167,85.3167,57.2,58,40,3.44,scattered clouds
553,Samarai,PG,-10.6167,150.6667,80.76,62,30,7.7,scattered clouds
554,Zhanakorgan,KZ,43.9098,67.2495,48.76,78,97,5.46,overcast clouds
555,Turayf,SA,31.6725,38.6637,48.2,71,0,6.91,clear sky
556,Nalut,LY,30.3333,10.85,77.85,19,88,18.88,overcast clouds
557,Krasnyy Chikoy,RU,50.3643,108.7512,19.31,53,5,4.79,clear sky
558,Tadine,NC,-21.55,167.8833,79.02,82,77,5.3,broken clouds
559,Vagur,FO,61.4732,-6.8119,37.87,52,53,9.82,broken clouds
560,Blackwater,AU,-23.5833,148.8833,63.61,29,0,14.23,clear sky
561,San Miguel,SV,13.4833,-88.1833,93.18,43,5,9.86,clear sky
562,Karratha,AU,-20.7377,116.8463,82.27,78,59,6.31,broken clouds
563,Tchibanga,GA,-2.85,11.0333,74.41,84,99,1.21,overcast clouds
564,Barabai,ID,-2.5833,115.3833,73.02,95,96,1.61,overcast clouds
565,Novoagansk,RU,61.9449,76.6625,37.44,99,100,11.25,light rain
566,Nicoya,CR,10.1483,-85.452,86.0,66,75,14.97,broken clouds
567,Shiyan,CN,32.6475,110.7781,51.69,80,87,2.82,overcast clouds
568,Amurzet,RU,47.6967,131.0981,42.04,87,100,5.28,overcast clouds
569,Karasuyama,JP,36.65,140.15,48.2,81,20,3.44,few clouds
570,Santa Fe,AR,-31.6333,-60.7,66.0,73,92,6.49,overcast clouds
571,Mastic Beach,US,40.7668,-72.8521,48.99,100,100,5.99,overcast clouds
572,Vidalia,US,32.2177,-82.4135,75.2,57,40,13.8,scattered clouds
573,Basco,PH,20.4487,121.9702,76.71,82,48,19.57,scattered clouds
574,Antibes,FR,43.5624,7.1278,57.2,82,75,5.75,broken clouds
575,Songjianghe,CN,42.1859,127.479,49.08,52,100,6.69,overcast clouds
576,Digoin,FR,46.4812,3.9795,39.99,93,75,8.05,broken clouds
577,Dukat,RU,62.55,155.55,-8.81,94,98,6.49,overcast clouds
578,Isiro,CD,2.7739,27.616,64.85,98,100,1.19,overcast clouds
579,Naze,JP,28.3667,129.4833,69.8,73,20,17.27,few clouds
580,Ostrovnoy,RU,68.0531,39.5131,32.04,80,79,27.56,broken clouds
581,Senador Jose Porfirio,BR,-2.5908,-51.9542,74.75,95,91,1.88,overcast clouds
582,Hambantota,LK,6.1241,81.1185,77.97,82,93,2.3,overcast clouds
583,Tabligbo,TG,6.5833,1.5,84.2,84,20,9.22,few clouds
584,Khilok,RU,51.3674,110.4676,13.6,65,1,3.44,clear sky
585,Capim Grosso,BR,-11.3811,-40.0128,79.25,55,100,11.5,overcast clouds
586,Paamiut,GL,61.994,-49.6678,34.25,78,6,3.71,clear sky
587,San Andres,CO,12.5847,-81.7006,84.2,79,20,9.22,few clouds
588,Margate,GB,51.3813,1.3862,37.99,71,92,4.72,overcast clouds
589,Zafra,ES,38.4167,-6.4167,57.0,77,65,2.59,broken clouds
590,Port Augusta,AU,-32.5,137.7667,52.0,81,100,3.44,overcast clouds
591,Dabakala,CI,8.3667,-4.4333,84.36,53,41,5.75,scattered clouds
592,Leningradskiy,RU,69.3833,178.4167,-5.04,83,9,5.82,clear sky
593,Zhangjiakou,CN,40.81,114.8794,48.2,52,85,2.42,overcast clouds
594,Akonolinga,CM,3.7667,12.25,67.37,98,100,6.22,moderate rain
595,Pelotas,BR,-31.7719,-52.3425,66.99,85,92,5.99,light rain
596,Joshimath,IN,30.5667,79.5667,47.93,38,2,8.93,clear sky
597,Chumphon,TH,10.3333,98.8333,71.69,95,97,2.06,overcast clouds
598,Palauig,PH,15.435,119.9045,78.06,70,57,3.74,broken clouds
599,Saint-Pierre,RE,-21.3393,55.4781,77.0,73,0,4.61,clear sky
600,Sisophon,KH,13.5859,102.9737,78.4,83,84,5.03,broken clouds
601,Nemuro,JP,43.3236,145.575,37.92,82,3,10.56,clear sky
602,Quatre Cocos,MU,-20.2078,57.7625,78.01,94,75,6.91,light rain
603,Oranjemund,NA,-28.55,16.4333,63.05,74,0,4.05,clear sky
604,San Lawrenz,MT,36.0553,14.204,59.0,88,20,16.11,few clouds
605,Chapada Dos Guimaraes,BR,-15.4606,-55.7497,82.4,74,40,5.75,scattered clouds
606,Elizabeth City,US,36.2946,-76.2511,77.0,53,20,9.22,few clouds
607,Itoman,JP,26.1247,127.6694,69.8,73,20,10.36,few clouds
608,Kakonko,TZ,-3.2828,30.9642,62.19,97,35,3.04,scattered clouds
609,Usinsk,RU,65.9939,57.5281,33.84,75,76,23.64,broken clouds
610,Ferkessedougou,CI,9.6,-5.2,85.37,37,68,5.32,broken clouds
611,Sabinas Hidalgo,MX,26.5,-100.1667,93.72,31,60,10.02,broken clouds
612,Nizhniy Kuranakh,RU,58.8353,125.4869,10.92,93,100,8.34,light snow
613,Hearst,CA,49.6835,-83.6665,42.8,93,100,8.05,overcast clouds
614,San Pedro De Macoris,DO,18.4616,-69.2972,82.4,74,40,6.91,scattered clouds
615,Nowe Miasto Lubawskie,PL,53.4208,19.5952,57.0,61,94,4.0,overcast clouds
616,Jacksonville,US,30.3322,-81.6556,69.8,83,75,11.5,broken clouds
617,Northam,GB,51.0333,-4.2167,42.01,72,5,7.0,clear sky
618,Pec,XK,42.6591,20.2883,44.6,61,0,2.3,clear sky
619,Lamu,KE,-2.2717,40.902,82.4,83,40,6.91,scattered clouds
620,Umm Kaddadah,SD,13.6017,26.6876,75.02,13,58,16.46,broken clouds
621,Port Moresby,PG,-9.4431,147.1797,78.8,83,20,5.75,haze
622,Galich,RU,58.3797,42.3475,33.03,97,53,1.99,broken clouds
623,Vryburg,ZA,-26.9566,24.7284,68.63,34,0,5.23,clear sky
624,Hirara,JP,24.8,125.2833,71.6,83,75,8.05,broken clouds
625,Madang,PG,-5.2246,145.7966,76.95,90,96,3.15,overcast clouds
626,Naryan-Mar,RU,67.6713,53.087,31.48,88,100,21.9,overcast clouds
627,Parrita,CR,9.5201,-84.3225,73.4,73,75,4.61,broken clouds
628,Barcelona,ES,41.3888,2.159,54.0,94,75,13.8,broken clouds
629,Sangar,RU,63.9242,127.4739,-0.36,81,41,1.74,scattered clouds
630,Tra Vinh,VN,9.9347,106.3453,80.17,79,79,9.13,broken clouds
631,Vaitape,PF,-16.5167,-151.75,82.36,71,100,10.67,overcast clouds
632,Westport,US,41.1415,-73.3579,50.0,93,90,18.41,light rain
633,Launceston,AU,-41.45,147.1667,46.4,71,90,2.3,overcast clouds
634,Tura,IN,25.5198,90.2201,74.88,53,81,5.14,broken clouds
635,Lerwick,GB,60.1545,-1.1494,35.6,75,63,9.22,broken clouds
636,Rodrigues Alves,BR,-7.738,-72.6509,87.8,70,40,2.3,scattered clouds
637,Tomatlan,MX,19.9333,-105.25,84.34,45,79,10.51,broken clouds
638,Grindavik,IS,63.8424,-22.4338,37.4,87,75,16.11,light rain
639,Raga,SS,8.4596,25.678,85.26,30,100,3.53,overcast clouds
640,Kudahuvadhoo,MV,2.6708,72.8944,82.6,72,25,6.02,scattered clouds
641,Benin,BJ,9.5,2.25,83.93,44,83,5.79,broken clouds
642,The Pas,CA,53.8251,-101.2541,32.0,74,90,6.91,light snow
643,Bentiu,SS,9.2333,29.8333,86.7,22,50,3.83,scattered clouds
644,Shangrao,CN,28.4532,117.9686,61.07,99,92,2.24,light rain
645,Almeirim,BR,-1.5233,-52.5817,76.89,89,72,1.25,broken clouds
646,Mutata,CO,7.2441,-76.4356,80.01,92,100,0.6,moderate rain
647,Yablonovo,RU,50.8523,37.3574,48.2,46,75,13.42,broken clouds
648,Adrar,MR,20.5022,-10.0711,80.24,17,21,12.57,few clouds
649,Hobyo,SO,5.3505,48.5268,81.99,62,39,11.41,scattered clouds
650,Viisoara,RO,46.55,23.9167,46.4,61,0,3.44,clear sky
651,Kangaatsiaq,GL,68.3065,-53.4641,30.85,79,100,7.96,overcast clouds
652,Tommot,RU,58.9564,126.2925,12.52,92,100,9.6,light snow
653,Roblin,CA,51.23,-101.3565,36.93,74,100,18.03,overcast clouds
654,Pondicherry,IN,11.93,79.83,81.77,72,72,4.94,broken clouds
655,Alugan,PH,12.2188,125.4808,77.47,86,100,7.2,overcast clouds
656,Charters Towers,AU,-20.1,146.2667,70.5,44,1,17.52,clear sky
657,Bonthe,SL,7.5264,-12.505,80.98,85,10,7.38,clear sky
658,Lebedyn,UA,50.5852,34.4849,44.4,64,100,7.63,overcast clouds
659,Inhambane,MZ,-23.865,35.3833,72.81,82,0,7.31,clear sky
660,Te Anau,NZ,-45.4167,167.7167,52.83,89,81,1.23,broken clouds
661,Coahuayana,MX,18.7333,-103.6833,84.2,48,40,13.8,scattered clouds
662,Nouadhibou,MR,20.931,-17.0347,68.0,68,0,17.27,clear sky
663,Savelugu,GH,9.6244,-0.8253,87.17,41,79,12.73,broken clouds
664,Meulaboh,ID,4.1363,96.1285,77.29,86,96,3.49,overcast clouds
665,Verkhoyansk,RU,67.5447,133.385,-10.77,99,96,2.82,overcast clouds
666,Presidente Epitacio,BR,-21.7633,-52.1156,80.44,32,0,6.33,clear sky
667,Barsovo,RU,61.1667,73.1667,39.2,100,75,11.18,broken clouds
668,Ofaqim,IL,31.3141,34.6203,54.0,69,0,6.49,clear sky
669,Swan Hill,AU,-35.3378,143.5544,49.35,75,1,6.85,clear sky
670,Broken Hill,AU,-31.95,141.4333,46.4,61,15,2.3,few clouds
671,Turka,UA,49.1541,23.0297,50.0,53,99,5.3,overcast clouds
672,Jimenez,MX,28.3333,-105.4,86.0,9,75,9.22,broken clouds
673,Marienburg,PL,54.0359,19.0266,57.0,64,100,14.41,overcast clouds
674,Lazaro Cardenas,MX,17.9583,-102.2,82.4,57,44,11.68,scattered clouds
675,Polunochnoye,RU,60.8697,60.4153,32.97,93,64,4.68,broken clouds
676,Pleasanton,US,37.6624,-121.8747,79.0,25,1,5.75,clear sky
677,Laguna,US,38.421,-121.4238,82.99,14,1,4.61,clear sky
678,Sioux Lookout,CA,50.1001,-91.917,37.4,93,90,9.22,mist
679,Manjacaze,MZ,-24.7117,33.8828,66.47,93,0,5.59,clear sky
680,Chokwe,MZ,-24.5333,32.9833,69.39,86,0,5.64,clear sky
681,Chiredzi,ZW,-21.05,31.6667,66.7,69,0,3.04,clear sky
682,Kristiinankaupunki,FI,62.2743,21.376,35.29,66,99,7.07,overcast clouds
683,Safaga,EG,26.7292,33.9365,62.6,31,0,9.22,clear sky
684,Verkhnyaya Inta,RU,65.9811,60.3094,32.54,88,62,22.03,broken clouds
685,Cap Malheureux,MU,-19.9842,57.6142,78.01,82,97,3.0,light rain
686,Rayong,TH,12.8333,101.4333,82.0,95,100,1.41,overcast clouds
687,Wright,US,45.1833,-93.9502,55.4,71,100,6.91,overcast clouds
688,Paracuru,BR,-3.41,-39.0306,79.0,78,100,8.5,overcast clouds
689,Melilla,ES,35.2937,-2.9383,64.4,63,0,8.05,clear sky
690,Chak Jhumra,PK,31.5678,73.1835,78.53,24,86,11.3,overcast clouds
691,Carlyle,US,38.6103,-89.3726,66.0,37,31,8.99,scattered clouds
692,Saint-Maximin-La-Sainte-Baume,FR,43.4521,5.8622,53.01,100,100,6.69,overcast clouds
693,Ilo,PE,-17.6394,-71.3375,68.76,75,51,7.99,broken clouds
694,Susangerd,IR,31.5608,48.1831,73.4,43,20,2.3,few clouds
695,Cockburn Town,TC,21.4612,-71.1419,78.8,61,40,11.5,scattered clouds
696,Moldava Nad Bodvou,SK,48.6143,20.9996,53.01,62,0,2.3,clear sky
697,Udachnyy,RU,66.4167,112.4,-15.59,93,73,4.18,broken clouds
698,Diego De Almagro,CL,-26.3667,-70.05,72.34,32,1,7.85,clear sky
699,Hondo,JP,32.45,130.2,57.2,77,75,3.44,broken clouds
700,Langsa,ID,4.4683,97.9683,73.36,95,48,1.61,scattered clouds
701,Ambilobe,MG,-13.2,49.05,73.27,92,95,2.44,overcast clouds
702,Strezhevoy,RU,60.7333,77.5889,39.2,87,90,8.95,light rain
703,Acarau,BR,-2.8856,-40.12,79.57,82,100,11.41,overcast clouds
704,Esmeraldas,BR,-19.7625,-44.3139,75.2,46,0,5.75,clear sky
705,Havoysund,NO,70.9963,24.6622,30.2,93,75,17.27,light snow
706,Solnechnyy,RU,50.7214,136.6319,32.23,65,99,2.19,overcast clouds
707,Bilibino,RU,68.0546,166.4372,-7.56,76,21,0.56,few clouds
708,Santa Vitoria,BR,-18.8386,-50.1214,75.72,35,0,1.7,clear sky
709,Muana,BR,-1.5283,-49.2167,77.07,90,92,5.08,moderate rain
710,Lompoc,US,34.6391,-120.4579,62.6,55,83,14.97,broken clouds
711,Jinchang,CN,38.4953,102.1739,42.35,70,0,4.07,clear sky
712,Komsomolets,KZ,53.7453,62.0708,34.74,80,10,7.54,clear sky
